Parameter Values,Count,% of Results
" Fsyo9TNCpI8 "," 30 "," 10.8% "
" Isq_10c6xbs "," 29 "," 10.4% "
" Il23QYhVCzQ "," 19 "," 6.8% "
" p3g4wAsu0R4 "," 19 "," 6.8% "
" OB_4oIGNtwI "," 18 "," 6.5% "
" -rWSz6OyYsc "," 16 "," 5.8% "
" c8b7BLuAq-E "," 15 "," 5.4% "
" mCEGZfwM1b8 "," 13 "," 4.7% "
" 4hs4C5Y5_NE "," 11 "," 4.0% "
" qq6GkSqRowQ "," 10 "," 3.6% "
" ctqU2Ik8ZMs "," 10 "," 3.6% "
" o0Hx_solcCo "," 8 "," 2.9% "
" BbmDZefs7CY "," 8 "," 2.9% "
" NlQ7_thwOt8 "," 6 "," 2.2% "
" XdRUVWxOOck "," 6 "," 2.2% "
" ICAoDO6UWO0 "," 5 "," 1.8% "
" fHmwtjphD0w "," 5 "," 1.8% "
" u7sTzgNw1sg "," 4 "," 1.4% "
" OK2DjNv9sw8 "," 4 "," 1.4% "
" E_l-lfYaeok "," 4 "," 1.4% "
" ulML5zfvuHs "," 3 "," 1.1% "
" d-0t_a2AY10 "," 3 "," 1.1% "
" dWxzOzKTHqA "," 3 "," 1.1% "
" E0mMmQxZ-WA "," 3 "," 1.1% "
" cQlwk5lo-f4 "," 3 "," 1.1% "
" G5tWlroHv-4 "," 3 "," 1.1% "
" tjERjA7njV4 "," 2 "," 0.7% "
" yWGK4FSoU_E "," 2 "," 0.7% "
" ksUYUSYo51Y "," 2 "," 0.7% "
" eEr6Nt6oi-A "," 2 "," 0.7% "
" IqhwRTYsmIA "," 2 "," 0.7% "
" ZFlJJrwvoXA "," 2 "," 0.7% "
" 9EL2M21Yt9s "," 2 "," 0.7% "
" FuVaPRtMM9M "," 1 "," 0.4% "
" Doe2gBXf0X4 "," 1 "," 0.4% "
" Rn_tnpOpTG0 "," 1 "," 0.4% "
" XxQ_a91-flU "," 1 "," 0.4% "
" nC-hw_Kz3RQ "," 1 "," 0.4% "
" pYF3JNqZ2ec "," 1 "," 0.4% "